(1) Saldo de la cartera a la fecha de corte del reporte,(2) Vigente,(3) Vencida 1-2 Meses,(4) Vencida 2-3 Meses,(5) Vencida 1-3 Meses,(6) Vencida 3-4 Meses,(7) Vencida > de 4 Meses,(8) Vencida 3-6 Meses,(9) Vencida +6 meses,(10) Vencida 1-4 meses,(11) Vencida 4-6 meses,(12) Vencida 6-12 meses,(13) Vencida 12-18 meses,(14) Vencida > 12 meses,(15) Vencida > 18 meses,(16) Número de clientes Mora > 30 días,(17) Calificación de Riesgo A / Número de Clientes,(18) Calificación de Riesgo A / Saldo,(19) Calificación de Riesgo B / Número de Clientes,(20) Calificación de Riesgo B / Saldo,(21) Calificación de Riesgo C / Número de Clientes,(22) Calificación de Riesgo C / Saldo,(23) Calificación de Riesgo D / Número de Clientes,(24) Calificación de Riesgo D / Saldo,(25) Calificación de Riesgo E / Número de Clientes,(26) Calificación de Riesgo E / Saldo,año,mes,dia
4043068790691.0,3726192145082.0,40770842980.0,25986153420.0,0.0,17984377108.0,232135272101.0,0.0,0.0,0.0,0.0,0.0,0.0,0.0,0.0,79968,782127,3525422721304.0,28711,138163152921.0,15758,69811484888.0,8911,36277877636.0,71686,273393553942.0,2015,1,31
3998528478051.0,3706990190296.0,30510695281.0,28022994527.0,0.0,21222693641.0,211781904306.0,0.0,0.0,0.0,0.0,0.0,0.0,0.0,0.0,73283,782869,3497821040227.0,28467,141007898361.0,15484,69884356713.0,9153,38475249180.0,65668,251339933570.0,2015,2,28
4020704026113.0,3720220646242.0,32860729757.0,20821079211.0,0.0,23300728123.0,223500842780.0,0.0,0.0,0.0,0.0,0.0,0.0,0.0,0.0,75734,789206,3510435899318.0,28787,142531084381.0,14077,62748203044.0,9383,40863869198.0,69078,264124970172.0,2015,3,31
4041905333450.0,3762454165872.0,28965145640.0,21617988097.0,0.0,16911902073.0,211956131768.0,0.0,0.0,0.0,0.0,0.0,0.0,0.0,0.0,70253,796448,3558476573129.0,27541,134805520871.0,13996,62772700850.0,8069,34591951855.0,64891,251258586745.0,2015,4,30
4003636653832.0,3742014387493.0,32179974292.0,21806140720.0,0.0,17788346907.0,189847804420.0,0.0,0.0,0.0,0.0,0.0,0.0,0.0,0.0,64720,796969,3546075123044.0,27734,134468193877.0,13881,61262051276.0,8206,35269719104.0,57558,226561566531.0,2015,5,31
3996245358399.0,3722998753910.0,38274612971.0,22829596730.0,0.0,18452059530.0,193690335258.0,0.0,0.0,0.0,0.0,0.0,0.0,0.0,0.0,67063,793379,3514131774284.0,30949,150150601560.0,14869,65441409033.0,8778,36355785126.0,58234,230165788396.0,2015,6,30
3980075473776.0,3698483041857.0,37173173132.0,27529508777.0,0.0,19213618527.0,197676131483.0,0.0,0.0,0.0,0.0,0.0,0.0,0.0,0.0,69057,794984,3494010779111.0,30552,149249695481.0,15078,66992088130.0,8603,36040019635.0,59514,233782891419.0,2015,7,31
3932100898583.0,3653939670425.0,36229543988.0,27440007770.0,0.0,23686917946.0,190804758454.0,0.0,0.0,0.0,0.0,0.0,0.0,0.0,0.0,62068,794016,3453116312131.0,30349,146020454884.0,15194,66838525222.0,9319,39371575938.0,51499,226754030408.0,2015,8,31
3925909594656.0,3641650539167.0,39782096328.0,25392616826.0,0.0,22540227171.0,196544115164.0,0.0,0.0,0.0,0.0,0.0,0.0,0.0,0.0,63753,796550,3446944190743.0,30255,145456519937.0,14489,62680544189.0,9425,39234924512.0,53214,231593415275.0,2015,9,30
3920235975058.0,3624143349369.0,37899174569.0,28840469244.0,0.0,21251230232.0,208101751644.0,0.0,0.0,0.0,0.0,0.0,0.0,0.0,0.0,67534,797875,3437612175579.0,29661,138699446258.0,14548,63696268999.0,9035,37064136968.0,56665,243163947254.0,2015,10,31
3901115365724.0,3594638587541.0,34603914183.0,27557314825.0,0.0,24368920064.0,219946629111.0,0.0,0.0,0.0,0.0,0.0,0.0,0.0,0.0,70657,796000,3406466841156.0,30099,140923797435.0,14248,60731240082.0,9219,38649658465.0,59720,254343828586.0,2015,11,30
3857820671470.0,3561879557187.0,32708264200.0,24740538173.0,0.0,22989008257.0,215503303653.0,0.0,0.0,0.0,0.0,0.0,0.0,0.0,0.0,61807,792558,3364723057716.0,31613,147165543739.0,14331,60805116351.0,9308,36998201462.0,51366,248128752202.0,2015,12,31
3812465865345.0,3506343433206.0,36243523644.0,24073177682.0,0.0,21436201746.0,224369529067.0,0.0,0.0,0.0,0.0,0.0,0.0,0.0,0.0,66506,785805,3312373824836.0,32414,149599107641.0,14227,59304937233.0,9173,36039477485.0,54857,255148518150.0,2016,1,31
3793239334533.0,3485200986754.0,28314811650.0,25181470955.0,0.0,19754846597.0,234787218577.0,0.0,0.0,0.0,0.0,0.0,0.0,0.0,0.0,68073,785159,3292411862958.0,30046,138142816526.0,14845,62474894855.0,9134,35218609012.0,58076,264991151182.0,2016,2,29
3754554585824.0,3438860953769.0,32188400311.0,19643997725.0,0.0,21144285665.0,242716948354.0,0.0,0.0,0.0,0.0,0.0,0.0,0.0,0.0,70731,781250,3246084165255.0,30854,142886078221.0,13479,55870485948.0,9465,36933950918.0,61292,272779905482.0,2016,3,31
3759545536163.0,3442214793398.0,35473052278.0,22931900659.0,0.0,16654100447.0,242271689381.0,0.0,0.0,0.0,0.0,0.0,0.0,0.0,0.0,67718,666162,3253794763883.0,31509,143786554024.0,13525,56883123267.0,8371,32466636839.0,58334,272614458150.0,2016,4,30
3758042159649.0,3432304188970.0,35688037698.0,22663675409.0,0.0,18838809737.0,248547447835.0,0.0,0.0,0.0,0.0,0.0,0.0,0.0,0.0,70318,666058,3244043131377.0,31820,145373021203.0,13506,55494283527.0,8457,33806753723.0,60742,279324969819.0,2016,5,31
3734789444647.0,3405028965587.0,29821473645.0,24820685040.0,0.0,18505018331.0,256613302044.0,0.0,0.0,0.0,0.0,0.0,0.0,0.0,0.0,72139,661649,3200497342855.0,33748,153285307239.0,14443,59379789503.0,8651,33554953172.0,63514,288072051878.0,2016,6,30
3733094256500.0,3404399382951.0,31104362522.0,21374374147.0,0.0,21114257032.0,255101879848.0,0.0,0.0,0.0,0.0,0.0,0.0,0.0,0.0,69867,662718,3201710610248.0,34633,155073517478.0,896464,55054216088.0,8879,35113544569.0,60710,286142368117.0,2016,7,31
3763116229316.0,3431062792786.0,27889336200.0,20622657043.0,0.0,17725789762.0,265815653525.0,0.0,0.0,0.0,0.0,0.0,0.0,0.0,0.0,71662,666987,3232915476684.0,32984,146772681897.0,903066,55616541519.0,8407,32093393114.0,63575,295718136102.0,2016,8,31
3764298559487.0,3441073950631.0,31793941482.0,19944402586.0,0.0,17040658162.0,254445606626.0,0.0,0.0,0.0,0.0,0.0,0.0,0.0,0.0,66296,670075,3246986490634.0,33684,149115121634.0,900995,52715870410.0,8599,31854316951.0,57571,283626759858.0,2016,9,30
3770927763455.0,3440337279388.0,33906474877.0,23051285064.0,0.0,16710376539.0,256922347587.0,0.0,0.0,0.0,0.0,0.0,0.0,0.0,0.0,70263,671006,3250221549417.0,34109,148411236375.0,904464,55643524441.0,8231,30855240802.0,60301,285796212420.0,2016,10,31
3768384035562.0,3430371978722.0,33821870403.0,23880626274.0,0.0,19377751618.0,260931808545.0,0.0,0.0,0.0,0.0,0.0,0.0,0.0,0.0,73809,670977,3244699334802.0,33945,146671612154.0,906044,54949766577.0,8625,33160218428.0,62790,288903103601.0,2016,11,30
3754602029801.0,3423429838773.0,31726878460.0,24209638094.0,0.0,20155736805.0,255079937669.0,0.0,0.0,0.0,0.0,0.0,0.0,0.0,0.0,70777,661023,3193008627281.0,44078,187768294780.0,902919,57204842644.0,9259,34459576313.0,59285,282160688783.0,2016,12,31
3762087230204.0,3420769155364.0,34554872448.0,23101674517.0,0.0,20768344654.0,262893183221.0,0.0,0.0,0.0,0.0,0.0,0.0,0.0,0.0,75226,660576,3196007173699.0,44007,185832825348.0,904596,55874394010.0,9368,35030991516.0,62783,289341845631.0,2017,1,31
3775610496516.0,3431307059804.0,32487083638.0,25351147906.0,0.0,19624011284.0,266841193884.0,0.0,0.0,0.0,0.0,0.0,0.0,0.0,0.0,78647,663556,3212439499908.0,42268,178733601538.0,910053,56870126563.0,9235,34497590878.0,66527,293069677629.0,2017,2,28
3783692235506.0,3443322202322.0,34612682646.0,21779964955.0,0.0,21054249761.0,262923135822.0,0.0,0.0,0.0,0.0,0.0,0.0,0.0,0.0,81075,669789,3241345663953.0,38944,164860071847.0,915666,51915387485.0,9608,36008564100.0,69851,289562548121.0,2017,3,31
3789709475139.0,3437075277368.0,38114006507.0,25909553567.0,0.0,18665029111.0,269945608586.0,0.0,0.0,0.0,0.0,0.0,0.0,0.0,0.0,86220,669575,3238527172024.0,39570,164449799996.0,919443,56265475402.0,8894,33296058241.0,73852,297170969476.0,2017,4,30
3782725775264.0,3435510292676.0,41841108608.0,26241288854.0,0.0,21702431608.0,257430653518.0,0.0,0.0,0.0,0.0,0.0,0.0,0.0,0.0,83560,670195,3241931220615.0,39307,162139376146.0,916768,57932500953.0,9134,35527767723.0,69882,285194909827.0,2017,5,31
3842011022550.0,3503290502501.0,35241458191.0,29630369528.0,0.0,21809451928.0,252039240402.0,0.0,0.0,0.0,0.0,0.0,0.0,0.0,0.0,86881,672603,3297199212068.0,39754,163282397659.0,929327,64849367159.0,9928,37111816001.0,73241,279568229663.0,2017,6,30
3876320511460.0,3538711686897.0,42531976429.0,24382714866.0,0.0,24633301613.0,246060831655.0,0.0,0.0,0.0,0.0,0.0,0.0,0.0,0.0,82622,675842,3340340860396.0,39785,163901695645.0,931328,58629112500.0,10538,39555607886.0,68075,273893235033.0,2017,7,31
3914563737775.0,3573218356732.0,35764463523.0,30063482687.0,0.0,20366884128.0,255150550705.0,0.0,0.0,0.0,0.0,0.0,0.0,0.0,0.0,85496,680097,3379035012194.0,37841,154937835042.0,939830,62745385685.0,9686,34974373617.0,72181,282871131237.0,2017,8,31
3940400038216.0,3594460675931.0,38913749355.0,25754063128.0,0.0,25382606852.0,255888942950.0,0.0,0.0,0.0,0.0,0.0,0.0,0.0,0.0,89604,681993,3401012741218.0,37914,154070201420.0,947270,61592981389.0,10681,40112095216.0,75535,283612018973.0,2017,9,30
3910991456687.0,3586614154728.0,38660196121.0,27120208563.0,0.0,21383474546.0,237213422729.0,0.0,0.0,0.0,0.0,0.0,0.0,0.0,0.0,76183,680714,3394938162879.0,37917,153057169053.0,933853,61251642098.0,9683,36180363816.0,63012,265564118841.0,2017,10,31
3906900604678.0,3576655637782.0,40469163151.0,28419188878.0,0.0,22862895731.0,238493719136.0,0.0,0.0,0.0,0.0,0.0,0.0,0.0,0.0,80590,679549,3388625967975.0,37746,152621652352.0,935920,61640024052.0,9866,37064970234.0,66497,266947990065.0,2017,11,30
3922440685143.0,3581743875388.0,40630670830.0,29788089435.0,0.0,24344272553.0,245933776937.0,0.0,0.0,0.0,0.0,0.0,0.0,0.0,0.0,85674,675865,3381661678904.0,38872,157599482907.0,940249,66291375182.0,11751,42824993104.0,70278,274063155046.0,2017,12,31
3953352844982.0,3593746100784.0,45538395892.0,28936887759.0,0.0,25471965208.0,259659495339.0,0.0,0.0,0.0,0.0,0.0,0.0,0.0,0.0,90877,675073,3397361303552.0,38732,157889503991.0,945891,65341894376.0,11992,44183831657.0,74593,288576311406.0,2018,1,31
3997449837157.0,3632447900281.0,37542263994.0,32900624779.0,0.0,24528410828.0,270030637275.0,0.0,0.0,0.0,0.0,0.0,0.0,0.0,0.0,93789,678093,3435171583833.0,31893,149376349043.0,14939,69693738448.0,10838,44198881209.0,67917,299009284624.0,2018,2,28
3984737262294.0,3644654011426.0,40136372380.0,25416940566.0,0.0,27495016506.0,247034921416.0,0.0,0.0,0.0,0.0,0.0,0.0,0.0,0.0,77080,678863,3445723879860.0,31800,149327527980.0,13651,64930910798.0,11466,48274043526.0,54110,276480900130.0,2018,3,31
4012481141386.0,3673757539874.0,35070739538.0,26297692646.0,0.0,20822331514.0,256532837814.0,0.0,0.0,0.0,0.0,0.0,0.0,0.0,0.0,78916,680544,3472799018310.0,30956,144500128808.0,13669,66537577128.0,10192,41818721587.0,58135,286825695553.0,2018,4,30
4030993454392.0,3694108080373.0,36647800135.0,23603789825.0,0.0,21426083564.0,255207700495.0,0.0,0.0,0.0,0.0,0.0,0.0,0.0,0.0,82029,681312,3494054006978.0,31237,145582720058.0,13011,62376357184.0,10226,43081817626.0,60950,285898552546.0,2018,5,31
4050067145298.0,3707775564407.0,33918897341.0,26580007770.0,0.0,20090105214.0,261702570566.0,0.0,0.0,0.0,0.0,0.0,0.0,0.0,0.0,85901,678686,3498213932581.0,31409,145756343752.0,14714,69716263872.0,10217,42118625824.0,64454,294261979269.0,2018,6,30
4067681246833.0,3722187464213.0,47193745464.0,23339415589.0,0.0,22196913088.0,252763708479.0,0.0,0.0,0.0,0.0,0.0,0.0,0.0,0.0,85679,678654,3521021354675.0,31924,151358063413.0,13847,64630367373.0,10875,44808540483.0,62220,285862920889.0,2018,7,31
4084605372363.0,3753511483300.0,33404913015.0,24635698679.0,0.0,19181473329.0,253871804040.0,0.0,0.0,0.0,0.0,0.0,0.0,0.0,0.0,85931,680926,3550037931856.0,29472,138455643450.0,13903,66454351700.0,10621,42616885789.0,65403,287040559568.0,2018,8,31
4060976899168.0,3762461608585.0,40308818713.0,22914499359.0,0.0,20319250738.0,214972721773.0,0.0,0.0,0.0,0.0,0.0,0.0,0.0,0.0,73753,680000,3562779377379.0,30341,141511003208.0,13240,63982408451.0,10645,43882252510.0,53030,248821857620.0,2018,9,30
4081898948362.0,3765249227508.0,49874148069.0,27757326260.0,0.0,18804872145.0,220213374380.0,0.0,0.0,0.0,0.0,0.0,0.0,0.0,0.0,79601,677763,3570690395825.0,31033,147111855801.0,13813,66301560516.0,10459,43474404121.0,55980,254320732099.0,2018,10,31
4114267497456.0,3788866156482.0,39443080081.0,38113661723.0,0.0,23615568341.0,224229030829.0,0.0,0.0,0.0,0.0,0.0,0.0,0.0,0.0,84060,677046,3598309483684.0,28826,133472492455.0,15145,75307184467.0,11630,48722426001.0,58774,258455910849.0,2018,11,30
4100712958042.0,3782491191517.0,35875988515.0,29006459437.0,0.0,33407999207.0,219931319366.0,0.0,0.0,0.0,0.0,0.0,0.0,0.0,0.0,82192,671045,3577420774050.0,29564,137578752432.0,14751,72967228785.0,13019,57579741849.0,57677,255166460926.0,2018,12,31
4098022327026.0,3758451648190.0,49924192806.0,25712324217.0,0.0,25319224319.0,238614937494.0,0.0,0.0,0.0,0.0,0.0,0.0,0.0,0.0,88706,665505,3559918667926.0,30043,144644147815.0,14324,69745688908.0,12074,50098982776.0,62873,273614839601.0,2019,1,31
4110211650271.0,3776630787567.0,34364859934.0,35196170535.0,0.0,21415053268.0,242604778967.0,0.0,0.0,0.0,0.0,0.0,0.0,0.0,0.0,90719,664245,3578768701527.0,27183,128213016470.0,15466,79415969615.0,11574,46728322803.0,66599,277085639856.0,2019,2,28
4089652453592.0,3774568476713.0,40569524983.0,24139238537.0,0.0,29159347888.0,221215865471.0,0.0,0.0,0.0,0.0,0.0,0.0,0.0,0.0,82480,660215,3577979297691.0,27885,132766916612.0,13676,68759071880.0,12426,53861720087.0,59045,256285447322.0,2019,3,31
4090586443132.0,3769506497133.0,37590905269.0,28164184250.0,0.0,20282750901.0,235042105579.0,0.0,0.0,0.0,0.0,0.0,0.0,0.0,0.0,85975,655851,3573507043062.0,27163,127712211643.0,14362,73508622565.0,10990,44938118818.0,63274,270920447044.0,2019,4,30
4080573755039.0,3778704570531.0,36718681593.0,25857287788.0,0.0,23534913079.0,215758302048.0,0.0,0.0,0.0,0.0,0.0,0.0,0.0,0.0,77686,652196,3584204576544.0,26378,123367336487.0,14163,72652628968.0,11544,48424505864.0,55215,251924707176.0,2019,5,31
4064817369373.0,3763766465667.0,38313102008.0,27722750276.0,0.0,22324906302.0,212690145120.0,0.0,0.0,0.0,0.0,0.0,0.0,0.0,0.0,74827,641223,3545129499807.0,28624,138132157394.0,16404,83864450072.0,12116,48628959631.0,51367,249062302469.0,2019,6,30
4083956302798.0,3755607660958.0,60460212876.0,25504483942.0,0.0,22670893117.0,219713051905.0,0.0,0.0,0.0,0.0,0.0,0.0,0.0,0.0,80769,635949,3543566257385.0,29648,150801690231.0,15635,81299444901.0,12721,51127282418.0,54751,257161627863.0,2019,7,31
4086787646576.0,3760199282121.0,38058170627.0,46102354018.0,0.0,21305265242.0,221122574568.0,0.0,0.0,0.0,0.0,0.0,0.0,0.0,0.0,83067,633652,3554655870545.0,25802,126168266831.0,17875,99068277651.0,11964,48420455045.0,57393,258474776504.0,2019,8,31
4092299566910.0,3776723323978.0,37928426144.0,26950712909.0,0.0,38607452593.0,212089651286.0,0.0,0.0,0.0,0.0,0.0,0.0,0.0,0.0,80266,630934,3572395842479.0,25295,123765138089.0,15306,82815044864.0,13819,63083735034.0,55679,250239806444.0,2019,9,30
4106003162980.0,3791717355049.0,34161724606.0,25906101218.0,0.0,22390385228.0,231827596879.0,0.0,0.0,0.0,0.0,0.0,0.0,0.0,0.0,82279,627688,3587037145986.0,24205,119058364131.0,14934,81618780374.0,11433,47870483965.0,60787,270418388524.0,2019,10,31
4084766098454.0,3775613938729.0,33745599640.0,25145752979.0,0.0,22293684831.0,227967122275.0,0.0,0.0,0.0,0.0,0.0,0.0,0.0,0.0,83330,622005,3571697108759.0,24028,116799820518.0,14883,81634558859.0,11145,47068058653.0,61047,267566551665.0,2019,11,30
4062115160604.0,3764472217562.0,35775270500.0,22712801597.0,0.0,21104066169.0,218050804776.0,0.0,0.0,0.0,0.0,0.0,0.0,0.0,0.0,77738,614614,3545954920417.0,24716,123021890909.0,15984,86797905956.0,11565,48300587448.0,56233,258039855874.0,2019,12,31
4066669523292.0,3745640688538.0,53935801935.0,24950024727.0,0.0,19402737218.0,222740270874.0,0.0,0.0,0.0,0.0,0.0,0.0,0.0,0.0,84592,609124,3533959670232.0,26284,135147939180.0,15936,87569923220.0,11113,46170668347.0,59450,263821322313.0,2020,1,31
4078553554598.0,3768584897141.0,34797396176.0,39096514365.0,0.0,20649864230.0,215424882686.0,0.0,0.0,0.0,0.0,0.0,0.0,0.0,0.0,85007,609311,3559159287738.0,22939,116160120471.0,17472,98825919739.0,11093,46866729608.0,60479,257541497042.0,2020,2,29
4078554380363.0,3770207593914.0,41864706537.0,25224791132.0,0.0,34145777096.0,207111511684.0,0.0,0.0,0.0,0.0,0.0,0.0,0.0,0.0,79443,612454,3593925712391.0,18150,91485565192.0,16019,86750725437.0,12882,57192220784.0,55549,249200156559.0,2020,3,31
4093098870509.0,3826492618230.0,26250882502.0,10570090721.0,0.0,4489068394.0,225296210662.0,0.0,0.0,0.0,0.0,0.0,0.0,0.0,0.0,75199,603337,3573876267787.0,27419,146326725297.0,12658,76144435326.0,8014,33638219019.0,59513,263113223080.0,2020,4,30
4089888066904.0,3819933778802.0,40068208181.0,5885169124.0,0.0,3736612663.0,220264298134.0,0.0,0.0,0.0,0.0,0.0,0.0,0.0,0.0,76161,599828,3576859577755.0,28191,146895508836.0,13180,76890687526.0,7378,31422240419.0,58733,257820052368.0,2020,5,31
4056170863180.0,3803983806081.0,21935713174.0,14866891527.0,0.0,4138077127.0,211246375271.0,0.0,0.0,0.0,0.0,0.0,0.0,0.0,0.0,66453,599539,3575709890023.0,20835,110796371952.0,15504,89386633471.0,7368,30672695538.0,53704,249605272196.0,2020,6,30
4012867708868.0,3728858821336.0,64182071878.0,11956730157.0,0.0,9798029079.0,198072056418.0,0.0,0.0,0.0,0.0,0.0,0.0,0.0,0.0,72424,588709,3511200567533.0,25705,142029917035.0,14354,83374867265.0,8709,39699214285.0,52238,236563142750.0,2020,7,31
4002227275926.0,3703691100736.0,60741009739.0,35501487392.0,0.0,7229501663.0,195064176396.0,0.0,0.0,0.0,0.0,0.0,0.0,0.0,0.0,77787,580743,3490723026448.0,27300,138903244424.0,17163,99754657385.0,8338,37125069458.0,51513,235721278211.0,2020,8,31
3982533950166.0,3666582957964.0,68365827502.0,39798485877.0,0.0,29791598458.0,177995080365.0,0.0,0.0,0.0,0.0,0.0,0.0,0.0,0.0,80318,572012,3461108419063.0,26485,138652621476.0,19155,104698906179.0,12157,59453377356.0,47326,218620626092.0,2020,9,30
3990915846751.0,3670529384863.0,50355679939.0,49240755485.0,0.0,31426984923.0,189363041541.0,0.0,0.0,0.0,0.0,0.0,0.0,0.0,0.0,82272,569791,3468853553746.0,22606,119110504023.0,19501,110213085764.0,13861,63318055914.0,49798,229420647304.0,2020,10,31
4000523607885.0,3674149889394.0,45291307508.0,34614119458.0,0.0,39556285756.0,206912005769.0,0.0,0.0,0.0,0.0,0.0,0.0,0.0,0.0,83800,567172,3467299961190.0,21390,114237862809.0,17019,101086065804.0,14019,68417109336.0,54751,249482608746.0,2020,11,30
3994049824844.0,3684287224727.0,37890791538.0,31308062245.0,0.0,27440815097.0,213122931237.0,0.0,0.0,0.0,0.0,0.0,0.0,0.0,0.0,78143,560921,3449615767773.0,22676,121075821405.0,18787,110380942316.0,12126,58166030522.0,53911,254811262828.0,2020,12,31
3982323227790.0,3656233865699.0,52785821124.0,27558173671.0,0.0,27134488626.0,218610878670.0,0.0,0.0,0.0,0.0,0.0,0.0,0.0,0.0,83881,555581,3428135691984.0,24685,132974809910.0,18005,104336108467.0,11959,58121948054.0,56627,258754669375.0,2021,1,31
3993193217847.0,3681024895642.0,39549116932.0,35301733555.0,0.0,22244106441.0,215073365277.0,0.0,0.0,0.0,0.0,0.0,0.0,0.0,0.0,82679,555761,3457400677768.0,21979,116620490393.0,19238,112303098577.0,11180,52948064589.0,56868,253920886520.0,2021,2,28
3977615668414.0,3691633846529.0,36322596870.0,25956200757.0,0.0,27458151158.0,196244873100.0,0.0,0.0,0.0,0.0,0.0,0.0,0.0,0.0,79143,553541,3458033695170.0,21694,118215452843.0,18388,107683579262.0,12354,60002911467.0,55254,233680029672.0,2021,3,31
3983433165218.0,3704955375871.0,32459990820.0,24412909891.0,0.0,21545650704.0,200059237932.0,0.0,0.0,0.0,0.0,0.0,0.0,0.0,0.0,79478,553482,3479478321083.0,20825,111174349362.0,17725,104134385461.0,10777,52014484511.0,57242,236631624801.0,2021,4,30
4000949596505.0,3719350034317.0,36939806673.0,21289413075.0,0.0,19909489453.0,203460852987.0,0.0,0.0,0.0,0.0,0.0,0.0,0.0,0.0,80580,551877,3498751785821.0,21379,113681525690.0,16992,99379788669.0,10474,51005322416.0,57373,238131173909.0,2021,5,31
4029454044205.0,3765024397893.0,36510931585.0,21958973149.0,0.0,16592844735.0,189366896843.0,0.0,0.0,0.0,0.0,0.0,0.0,0.0,0.0,69945,554822,3546543623179.0,20900,113434078791.0,17460,102462754889.0,9281,45122410881.0,48450,221891176465.0,2021,6,30
4122097169679.0,3841641098775.0,56051853469.0,21968684227.0,0.0,16704841935.0,185730691273.0,0.0,0.0,0.0,0.0,0.0,0.0,0.0,0.0,73580,557749,3633340879900.0,22640,126588478979.0,17046,100239299194.0,9103,44938497877.0,48707,216990013729.0,2021,7,31
4244735302665.0,3982057118026.0,33952047176.0,33879806635.0,0.0,16641161923.0,178205168905.0,0.0,0.0,0.0,0.0,0.0,0.0,0.0,0.0,72495,567259,3780413026694.0,18969,102823614965.0,18230,109161499437.0,8887,43924294894.0,49233,208412866675.0,2021,8,31
4365411796238.0,4120970226072.0,33139313528.0,22620182446.0,0.0,27827791207.0,160854282985.0,0.0,0.0,0.0,0.0,0.0,0.0,0.0,0.0,66631,574721,3916126080238.0,18114,100969541433.0,16985,101875889784.0,10993,56038595567.0,44309,190401689216.0,2021,9,30
4468057018795.0,4220947346057.0,36388605585.0,23440216051.0,0.0,19077947233.0,168202903869.0,0.0,0.0,0.0,0.0,0.0,0.0,0.0,0.0,68983,581028,4022269458804.0,18324,101870774090.0,16819,101617033567.0,9262,45903994870.0,47037,196395757464.0,2021,10,31
4585353504301.0,4338606104176.0,32164043769.0,24781456639.0,0.0,19361147039.0,170440752678.0,0.0,0.0,0.0,0.0,0.0,0.0,0.0,0.0,69770,590189,4148453399310.0,17035,94115867971.0,16426,100470034716.0,8791,44232323151.0,48297,198081879153.0,2021,11,30
4631037539723.0,4402759311857.0,31134743644.0,22628910397.0,0.0,20849456929.0,153665116896.0,0.0,0.0,0.0,0.0,0.0,0.0,0.0,0.0,60987,594196,4209837794928.0,16996,94336353248.0,16633,101249615158.0,9059,45356293450.0,41234,180257482939.0,2021,12,31
4724443311353.0,4473369708729.0,47207284550.0,22052980719.0,0.0,19329948562.0,162483388793.0,0.0,0.0,0.0,0.0,0.0,0.0,0.0,0.0,65767,598038,4287277129748.0,18586,107370208657.0,16185,99104174901.0,8465,42083666106.0,43402,188608131941.0,2022,1,31
4800220372265.0,4561108546266.0,32616245138.0,32442204486.0,0.0,18061915982.0,155991460393.0,0.0,0.0,0.0,0.0,0.0,0.0,0.0,0.0,67114,604923,4379522262813.0,16384,91694958569.0,17415,108445639264.0,8050,39824984537.0,45340,180732527082.0,2022,2,28
4902967572247.0,4676029545535.0,33917615721.0,20983832433.0,0.0,26582795362.0,145453783196.0,0.0,0.0,0.0,0.0,0.0,0.0,0.0,0.0,61796,613316,4495208120175.0,16122,92386872505.0,15686,98442008907.0,8922,46862300764.0,41774,170068269896.0,2022,3,31
5013555357393.0,4781989254525.0,30839497684.0,24183614378.0,0.0,17776137997.0,158766852809.0,0.0,0.0,0.0,0.0,0.0,0.0,0.0,0.0,63965,620161,4602527450928.0,15685,89490839081.0,16100,101779803531.0,7279,36291358646.0,44986,183465905207.0,2022,4,30
5112247009989.0,4880445897567.0,32868598681.0,20395233809.0,0.0,20190754837.0,158346525095.0,0.0,0.0,0.0,0.0,0.0,0.0,0.0,0.0,63502,626018,4700538779873.0,16015,91931127152.0,15581,100347600039.0,7400,37641254344.0,44313,181788248581.0,2022,5,31
5157805583235.0,4930498464355.0,32076532652.0,22700454536.0,0.0,17155798757.0,155374332935.0,0.0,0.0,0.0,0.0,0.0,0.0,0.0,0.0,57803,626058,4731297425489.0,17177,101443341193.0,16843,110897564121.0,7138,36332410997.0,39573,177834841435.0,2022,6,30
5236370244360.0,4977970668771.0,58890765337.0,21979138646.0,0.0,18969239215.0,158560432391.0,0.0,0.0,0.0,0.0,0.0,0.0,0.0,0.0,63771,625587,4781904983560.0,20257,125728709212.0,16713,110310230427.0,7331,37553683347.0,40639,180872637814.0,2022,7,31
5362041445467.0,5107410878551.0,37036766491.0,38630405482.0,0.0,18525865013.0,160437529930.0,0.0,0.0,0.0,0.0,0.0,0.0,0.0,0.0,64562,633307,4907437255960.0,17021,104777723984.0,19233,130609530855.0,6984,36225277482.0,42434,182991657186.0,2022,8,31
5492273802282.0,5238117286447.0,38907802904.0,25215481738.0,0.0,32062159321.0,157971071872.0,0.0,0.0,0.0,0.0,0.0,0.0,0.0,0.0,62538,637942,5011600526031.0,18333,118884119412.0,19019,130115174747.0,9237,51200087058.0,40760,180473895034.0,2022,9,30
5594752657299.0,5324198340044.0,44590506827.0,28150635385.0,0.0,21228618048.0,176584556995.0,0.0,0.0,0.0,0.0,0.0,0.0,0.0,0.0,65981,642214,5097820162713.0,18913,124803885504.0,19412,134154315508.0,7350,38862749453.0,44361,199111544121.0,2022,10,31
5666332791998.0,5383928542336.0,45842289564.0,31854503220.0,0.0,24459360073.0,180248096805.0,0.0,0.0,0.0,0.0,0.0,0.0,0.0,0.0,69808,643989,5155838276392.0,19148,125677250061.0,19899,140255099284.0,7629,41811524490.0,46517,202750641771.0,2022,11,30
5722996777971.0,5425780100006.0,51466172632.0,32723539123.0,0.0,27325947338.0,185701018872.0,0.0,0.0,0.0,0.0,0.0,0.0,0.0,0.0,68656,642049,5186196566223.0,19457,130758003813.0,22004,152976999092.0,7970,45033736821.0,44658,208031472022.0,2022,12,31
5799817283942.0,5447981460960.0,84139356436.0,37747007938.0,0.0,27399834001.0,202549624607.0,0.0,0.0,0.0,0.0,0.0,0.0,0.0,0.0,77253,641456,5207822518199.0,22515,162092859701.0,22396,159663290873.0,7973,44694970198.0,47878,225543644971.0,2023,1,31
5868510101853.0,5509552368718.0,58955152217.0,61878551291.0,0.0,29990539395.0,208133490232.0,0.0,0.0,0.0,0.0,0.0,0.0,0.0,0.0,79867,790257,5268880859284.0,22895,136944250473.0,30033,183241249588.0,9254,47385539837.0,59631,232058202671.0,2023,2,28
5991848854616.0,5615376224276.0,70482470691.0,40891140007.0,0.0,52180458403.0,212918561239.0,0.0,0.0,0.0,0.0,0.0,0.0,0.0,0.0,80914,647926,5359742301982.0,21132,153977161527.0,23361,169889917810.0,10625,70723822761.0,50382,237515650536.0,2023,3,31
6067034117605.0,5667577119010.0,66737579244.0,52786972976.0,0.0,35259768498.0,244672677877.0,0.0,0.0,0.0,0.0,0.0,0.0,0.0,0.0,86088,649464,5409227521155.0,20712,152000066918.0,24453,181787696831.0,8398,52911227332.0,56306,271107605369.0,2023,4,30
6176511203777.0,5763812080163.0,65479313943.0,47166647266.0,0.0,44257251766.0,255795910639.0,0.0,0.0,0.0,0.0,0.0,0.0,0.0,0.0,88903,654768,5504712045427.0,20187,149942430134.0,23559,177090557664.0,9164,62106979613.0,59075,282659190939.0,2023,5,31
6261088600103.0,5844714760570.0,65423275023.0,48190110708.0,0.0,40589958122.0,262170495680.0,0.0,0.0,0.0,0.0,0.0,0.0,0.0,0.0,86413,659098,5579184266856.0,20132,151920220855.0,23724,182900560150.0,8144,57019261502.0,57623,290064290740.0,2023,6,30
6334558388245.0,5823061501741.0,151518606430.0,50304954460.0,0.0,41853735041.0,267819590573.0,0.0,0.0,0.0,0.0,0.0,0.0,0.0,0.0,100877,651404,5547928602901.0,28807,235557741287.0,24623,195185921122.0,8236,58537567430.0,59693,297348555505.0,2023,7,31
6453978777578.0,5929343910626.0,80784960524.0,113021561085.0,0.0,43999121990.0,286829223353.0,0.0,0.0,0.0,0.0,0.0,0.0,0.0,0.0,102973,656151,5649081053887.0,20791,160793103810.0,31643,265072811254.0,8437,61384338061.0,62206,317647470566.0,2023,8,31
6607212230140.0,6063327744861.0,82036298205.0,60542906309.0,0.0,97231784326.0,304073496439.0,0.0,0.0,0.0,0.0,0.0,0.0,0.0,0.0,103417,660919,5760031630934.0,21070,165838312968.0,27546,226351940065.0,14214,118048100262.0,62843,336942245911.0,2023,9,30
6716859180197.0,6135829592130.0,99801953030.0,65087996788.0,0.0,53366454136.0,362773184113.0,0.0,0.0,0.0,0.0,0.0,0.0,0.0,0.0,109022,661493,5824511636617.0,23106,183265199558.0,28348,236038403284.0,9152,71091331807.0,69591,401952608931.0,2023,10,31
6812333535269.0,6206663812968.0,91675005733.0,76547472236.0,0.0,58030561769.0,379416682563.0,0.0,0.0,0.0,0.0,0.0,0.0,0.0,0.0,114527,662873,5893778166923.0,22196,173079501628.0,29503,248485780987.0,9746,76680661329.0,72811,420309424402.0,2023,11,30
6851135243622.0,6219218033569.0,100909804540.0,72319552656.0,0.0,66358727747.0,392329125110.0,0.0,0.0,0.0,0.0,0.0,0.0,0.0,0.0,117085,661049,5897597220789.0,22853,182927913459.0,29543,248428880232.0,10884,87322601843.0,73589,434858627299.0,2023,12,31
6952828115956.0,6179866174551.0,209302916560.0,74857839711.0,0.0,61986629857.0,426814555277.0,0.0,0.0,0.0,0.0,0.0,0.0,0.0,0.0,136070,654769,5865226754251.0,31090,279075971283.0,29468,253045981219.0,10414,82195887766.0,80247,473283521437.0,2024,1,31
7043774989065.0,6291671742045.0,98602257449.0,157814430119.0,0.0,63397563204.0,432288996248.0,0.0,0.0,0.0,0.0,0.0,0.0,0.0,0.0,133110,660206,5961064282765.0,22090,181912611122.0,36536,333495325482.0,10407,85895896417.0,79938,481406873279.0,2024,2,29
